name,gender,phone,email,address,country,dob,education,contact
eleven,male,2222,samundrak@yahoo.com,nepal,nepal,123,bbs,null
"Pankaj Kumar",male,123,pankaj@yahoo.com,Kalanki,Nepal,2016-12-29T18:15:00.000Z,BBS,null
five,male,2222,samundrak@yahoo.com,nepal,nepal,123,bbs,null
seven,male,2222,samundrak@yahoo.com,nepal,nepal,123,bbs,null
eight,male,2222,samundrak@yahoo.com,nepal,nepal,123,bbs,null
nine,male,2222,samundrak@yahoo.com,nepal,nepal,123,bbs,null
ten,male,2222,samundrak@yahoo.com,nepal,nepal,123,bbs,null
eleven,male,2222,samundrak@yahoo.com,nepal,nepal,123,bbs,null
twevle,male,2222,samundrak@yahoo.com,nepal,nepal,123,bbs,null
thirteen,male,"	2222",samundrak@yahoo.com,nepal,nepal,123,bbs,null
"Pankaj Kumar",male,123,pankaj@yahoo.com,Kalanki,Nepal,2016-12-29T18:15:00.000Z,BBS,null
rajes,femalle,2222,samundrak@yahoo.com,nepal,nepal,123,bbs,"New Baneswhor"
five,male,2222,samundrak@yahoo.com,nepal,nepal,123,bbs,null
seven,male,2222,samundrak@yahoo.com,nepal,nepal,123,bbs,null
eight,male,2222,samundrak@yahoo.com,nepal,nepal,123,bbs,null
nine,male,2222,samundrak@yahoo.com,nepal,nepal,123,bbs,null
ten,male,2222,samundrak@yahoo.com,nepal,nepal,123,bbs,null
eleven,male,2222,samundrak@yahoo.com,nepal,nepal,123,bbs,null
twevle,male,2222,samundrak@yahoo.com,nepal,nepal,123,bbs,null
thirteen,male,"	2222",samundrak@yahoo.com,nepal,nepal,123,bbs,null
"Pankaj Kumar",male,123,pankaj@yahoo.com,Kalanki,Nepal,2016-12-29T18:15:00.000Z,BBS,null
rajes,femalle,2222,samundrak@yahoo.com,nepal,nepal,123,bbs,"New Baneswhor"
five,male,2222,samundrak@yahoo.com,nepal,nepal,123,bbs,null
seven,male,2222,samundrak@yahoo.com,nepal,nepal,123,bbs,null
eight,male,2222,samundrak@yahoo.com,nepal,nepal,123,bbs,null
nine,male,2222,samundrak@yahoo.com,nepal,nepal,123,bbs,null
ten,male,2222,samundrak@yahoo.com,nepal,nepal,123,bbs,null
eleven,male,2222,samundrak@yahoo.com,nepal,nepal,123,bbs,null
twevle,male,2222,samundrak@yahoo.com,nepal,nepal,123,bbs,null
thirteen,male,"	2222",samundrak@yahoo.com,nepal,nepal,123,bbs,null
"Pankaj Kumar",male,123,pankaj@yahoo.com,Kalanki,Nepal,2016-12-29T18:15:00.000Z,BBS,null
rajes,femalle,2222,samundrak@yahoo.com,nepal,nepal,123,bbs,"New Baneswhor"
five,male,2222,samundrak@yahoo.com,nepal,nepal,123,bbs,null
seven,male,2222,samundrak@yahoo.com,nepal,nepal,123,bbs,null
eight,male,2222,samundrak@yahoo.com,nepal,nepal,123,bbs,null
nine,male,2222,samundrak@yahoo.com,nepal,nepal,123,bbs,null